Country,Happiness Score_2015,Happiness Score_2016,Happiness Score_2017,Happiness Score_2018,Happiness Score_2019
Spain,6.329,6.3610000000000015,6.40299987792969,6.31,6.354
Mexico,7.187,6.778,6.57800006866455,6.488,6.595
Tunisia,4.739,5.045,4.80499982833862,4.592,4.461
Jamaica,5.709,5.51,5.31099987030029,5.89,5.89
Argentina,6.574,6.65,6.59899997711182,6.388,6.086
